{
  "BACKGROUND": {
    "precision": 0.7044724487274524,
    "recall": 0.7873515603424468,
    "f1-score": 0.7436098069900887,
    "support": 3621.0
  },
  "OBJECTIVE": {
    "precision": 0.73632918245804,
    "recall": 0.5829404200600086,
    "f1-score": 0.6507177033492823,
    "support": 2333.0
  },
  "METHODS": {
    "precision": 0.930074074074074,
    "recall": 0.9515004546832373,
    "f1-score": 0.9406652682049745,
    "support": 9897.0
  },
  "RESULTS": {
    "precision": 0.9264935877385049,
    "recall": 0.9148563780500361,
    "f1-score": 0.920638209697472,
    "support": 9713.0
  },
  "CONCLUSIONS": {
    "precision": 0.8514917127071823,
    "recall": 0.8429227740100634,
    "f1-score": 0.8471855760773966,
    "support": 4571.0
  },
  "accuracy": 0.8749626679940269,
  "macro avg": {
    "precision": 0.8297722011410507,
    "recall": 0.8159143174291584,
    "f1-score": 0.8205633128638429,
    "support": 30135.0
  },
  "weighted avg": {
    "precision": 0.874892804616441,
    "recall": 0.8749626679940269,
    "f1-score": 0.8739055540564442,
    "support": 30135.0
  }
}