{
  "accuracy": 0.8749626679940269,
  "f1_weighted": 0.8739055540564442,
  "f1_macro": 0.8205633128638429,
  "roc_auc": 0.977695640900491,
  "confusion_matrix": [
    [
      2851,
      410,
      117,
      11,
      232
    ],
    [
      818,
      1360,
      95,
      10,
      50
    ],
    [
      95,
      72,
      9417,
      270,
      43
    ],
    [
      24,
      3,
      453,
      8886,
      347
    ],
    [
      259,
      2,
      43,
      414,
      3853
    ]
  ]
}